3,Ab
6,Abba
6,Cab
12,Ahab
12,Gad
14,Abib
16,Agag
18,Hadad
23,Achaia
30,Habaiah
33,Haggai
34,Baal
35,El
37,Ahijah
37,Bel
38,Abel
40,Babel
41,Caleb
44,Eli
44,Leah
46,Adam
46,Jael
48,Bible
48,Halah
49,Ham
52,Chaldea
52,Galeed
52,Hiel
52,Lehi
55,Dan
56,Gilead
57,Ben
57,Fan
57,Magi
58,Bilhah
58,Nadab
59,Abigail
59,Media
61,Micah
63,Achan
63,Cain
63,Elijah
64,Cilicia
65,Diana
67,Og
68,Gall
70,Abinadab
71,Dog
71,God
71,Obed
72,Anak
72,Dinah
72,Goad
73,Balm
73,Dill
73,Hell
73,Joab
74,Gog
75,Accho
75,Balaam
75,Benhadad
76,Benaiah
76,Elam
76,Jacob
77,Belial
79,Camel
80,En-gedi
83,Ai and Hai
84,Gilgal
84,Kine
84,Laban
85,Aceldama
85,Obadiah
87,Delilah
87,Galilee
87,Lamech
91,Ar
91,Michal
92,Ephah
92,Malachi
93,Bar
94,Arba
94,Nile
96,Adar
96,Amen
96,Mean
96,Michael
97,Amalek
97,Jochebed
98,Bear
98,Jehoiada
99,Daniel
100,Haman
100,Hara
101,Gold
102,Abilene
102,Anna
102,Asa
102,Beard
102,Eber
102,Fear
102,Rahab
103,Abimelech
103,Cedar
103,Idol
103,Moab
104,Arabia
104,Eloi
104,Gadara
104,Hallel
104,Hare
104,Pekah
104,Rabbah
104,Rabbi
104,Rie
105,Fir
105,Joel
106,Canaan
106,Chloe
106,Grace
107,Hagar
109,Ahimelech
109,Chebar
109,Edom
109,Gilboa
110,Alpha
110,Bride
110,Fire
110,Nain
110,No
110,On
111,Aholiab
111,Ark
111,Asia
111,Jamnia
112,Nob
113,Baasha
113,Edrei
113,Laodicea
113,Midian
113,Omega
114,Barak
114,Eliakim
114,Isaac
115,Greece
115,Magog
116,Sheba
117,Nebo
117,Peleg
118,Hades
118,Hannah
119,Noah
120,Dead Sea
121,Anakim
121,Jona
122,Abaddon
122,Dagon
123,Deacon
123,Fish
123,Gamaliel
124,Dancing
125,Medicine
126,Enoch
126,Gehenna
126,Jabesh
126,Necho
126,Nehemiah
126,Padan
127,Shaddai
128,Isaiah
128,John
129,Achish
129,Jonah
129,Megiddo
131,Rebekah
132,Aram
133,Gibeon
134,Abed-nego
134,Gihon
135,Ariel
135,Gideon
136,Pella
137,Gallio
137,Rachel
138,Kadesh
140,College
140,Lees
140,Ramah
141,Lamp
142,Manna
143,Abarim
143,Abraham
143,Adonijah
143,Amasa
143,Magdalene
143,Naaman
144,Gabriel
144,Selah
145,Aramaic
145,Asahel
145,Elias
146,Molech
147,Ephod
148,Abner
148,Golan
148,Hiram
149,Flesh
150,Hananeel
150,Haran
150,Rain
151,Mark
153,Cor
153,Eldad and Medad
153,Elisha
153,Games
153,Shem
154,Mesha
154,Rod
155,Meribah
156,Blood
156,James
158,Hor
159,Gier eagle
159,Lachish
160,Maccabees
160,Naomi
161,Anon
161,Elishah
161,Legion
161,Onan
162,Aeneas
162,Bashan
162,Jehoiakim
163,Jehoiachin
164,Canon
164,Sod
165,Anise
165,Horeb
166,Aenon
166,Hemlock
166,Machpelah
167,Benjamin
167,Herod
168,Jeremiah
168,Shekel
169,Ahinoam
169,Carmel
169,Harp
169,Peniel
169,Shechem
169,Sinai
170,Deborah
171,Asp
171,Shimei
172,Amram
172,Joanna
172,Shemaiah
173,Macedonia
174,Hosea
175,Emerald
176,Benoni
176,Mamre
176,Salem
177,Ashdod
179,Joash
179,Korah
180,Asaph
180,Lo-ammi
180,Obed-edom
180,Salim
182,Hoshea
182,Jabesh-gilead
182,Milcom
183,Amarna
184,Calendar
184,Embalming
184,Lord
185,Jericho
187,Cephas
187,Ship
188,Josiah
188,Noph
188,Sheep
189,Miriam
191,Ammon
192,Prick
192,Shechinah
193,Angels
193,Caiaphas
193,Gerar
193,Ishmael
194,Emims
195,Omer
195,Pisgah
195,Rome
196,Aloes
196,Philip
196,Sling
198,Lebanon
199,Barabbas
199,Jehosheba
199,Omri
200,Caesar
200,Knop
200,Leper
200,Sarah
200,Seer
201,Amos
201,Joram
201,Sarai
202,Aaron
202,Annas
202,Leasing
203,Bat
203,Corn
203,Homer
203,Sheol
204,Asher
204,Charger
204,Mines
204,Seir
205,Red Sea
206,Caesarea
206,Carriage
206,Corban
208,Cana of Galilee
208,Moriah
208,Organ
209,Endor
209,Nahor
209,Scribe
210,Lamb of God
210,Nisan
210,Roll
211,Bath
211,Joppa
211,Mandrake
212,Ananias
212,Cedron
212,Dragon
213,Gate
213,Helps
214,Bar-jona
214,Cassia
214,Jehoram
214,Rabboni
215,Beth
215,Enos
215,Hebron
215,Phoenicia
215,Shiloh
216,Esaias
216,Gath
218,Beersheba
218,Death
219,Sion
220,Jesse
221,Heth
221,Jason
221,Jonas
222,Cappadocia
222,Coins
222,Incense
223,Ephraim
223,Rephaim
223,Sidon
224,Chemosh
224,Faith
224,Pleiades
225,Ekron
227,Adrammelech
227,Brigandine
227,Sihon
228,Habergeon
230,Disciple
230,Goshen
231,Animals
231,Mammon
233,Kidron
234,Absalom
234,Elders
235,Israel
235,Let
235,Rephidim
235,Shephelah
236,Felloes
236,Salome
237,Ophir
238,Glass
238,Pharaoh
239,Chamberlain
240,Dreams
240,Silas
240,Siloam
241,High places
242,Samaria
243,Marriage
244,Elath
244,Isles
246,Barbarian
246,Commerce
246,Meat
246,Shishak
247,Barnabas
247,Kishon
248,Agrippa
248,Jambres
249,Bishop
249,Galatia
250,Bethel
250,Meet
251,Arnon
251,Phinehas
252,Health
253,Censer
253,Hermon
253,Joseph
253,Nicolas
253,Nimrod
254,Arabians
254,Reins
255,Adoniram
255,Refiner
257,Bible; English
258,Athaliah
258,Book of life
258,Dorcas
258,Hamath
259,Galilee; Sea of
259,Gleanings
259,Sabeans
259,Simon
260,Jeremias
262,Armageddon
262,Hagiographa
263,Horse
263,Messiah
264,Simeon
264,Sodom
265,Grecians
266,Askelon
266,Rehoboam
267,Carchemish
268,Jeroboam
269,Cleopas
270,Hosanna
272,Demoniacs
272,Philemon
272,Scrip
273,Prisca
274,Ashkelon
275,Joses
275,Persia
275,Philippi
276,Genesis
276,Jasper
277,Cleophas
277,Herodias
278,Hasideans
278,Miracles
279,John Mark
279,Pit
280,Job; book of
280,Paradise
282,Decapolis
282,Rock-badger
283,Kosher
285,El-bethel
286,Dalmatia
287,Camel’s hair
287,Eden; Garden of
287,Kadesh-barnea
288,Arameans
288,Conscience
289,Rimmon
290,Lot
292,Lign-aloes
297,Barsabas
297,Kohath
299,Hart
299,Parables
300,Esdras
300,Merodach-baladan
302,Japheth
303,Bethlehem
303,Crete
303,Eloth
304,Emerods
304,Terah
304,Tire
305,Manasseh
305,Moses
305,Sisera
306,Anathema
306,Bethphage
306,Gentile
307,Daniel; book of
308,Sargon
308,Sebat
309,Meal offering
309,Sharon
310,Bethabara
310,Jephthah
310,Nathan
312,Abiathar
312,Issachar
313,Ethanim
313,Scroll
313,Seth
313,Staff
314,Sabbath
315,Hasmonean
315,Juda
315,Pilate
317,Ehud
317,Peace offering
317,Sanhedrin
318,Epiphanes
319,Jotham
319,Jude
320,Abihu
320,Boanerges
320,Canaanite
320,Judea
320,Nisroch
321,Naboth
322,Altar
322,Fig tree
323,Dothan
323,Esarhaddon
323,Judah
323,Seed of Abraham
323,Sennacherib
323,Seraphim
323,Shipping
325,Bethesda
326,Sacrifices
327,Bathsheba
327,Herodians
327,Kingdom of God
328,Behemoth
330,Bethsaida
331,Antioch
332,Bul
332,Tamar
333,Clement
334,Caul
335,Diaspora
337,Raamses
340,Martha
341,Psalms
341,Rameses
342,Priscilla
345,Esdraelon
346,Beulah
346,Nathanael
347,Recorder
347,Son of God
349,Ithamar
349,Spikenard
350,Blindness
350,Temple
351,Apollos
351,Samson
352,Elihu
352,Italics
352,Satan
355,Arimathea
355,Luke
356,Gomorrah
358,Chronicles
358,Colosse
358,Month
359,Idumea
359,Sinim; Land of
359,Torah
360,Elisabeth
360,Saint
361,Senate
362,Election
362,Ethiopia
362,Holiness
364,Athens
365,Asenath
365,Elul
365,Essenes
367,Bridegroom
367,Clothing
367,Giants
367,Replenish
367,Son of Man
368,Goats
369,Elephant
369,Naphtali
370,Anoint
370,Darkness
370,Peter
371,Chariot
371,Ephphatha
371,Farthing
372,Eunice
372,Gospels
372,Habakkuk
372,Sabaoth
373,Golgotha
373,Jethro
374,Beth-shan
374,Compass
374,Gergesenes
375,Mule
378,Algum
378,Almug
378,Ascension
378,Dinaites
378,El-elohe-Israel
379,Beth-shean
380,Jonathan
382,Hierapolis
383,Ararat
383,Hough
387,Pithom
387,Tabernacle
388,Pharisees
389,Frankincense
389,Kenites
390,Ur
392,Kerioth
392,Maran-atha
392,Sin offering
394,Cockatrice
396,Chedorlaomer
396,Tares
396,Tiphsah
397,Aretas
397,Cloud
398,Hur
399,Ahithophel
399,Nahum
400,Pul
400,Solomon
401,Canticles
401,Easter
401,Paul
404,Baruch
405,Paraclete
406,Esau
407,Fasts
408,Jehoshabeath
409,Great Sea
409,Thomas
410,Christ
410,Eve
411,Agabus
411,Amalekites
411,Cush
412,Church
412,Feasts
412,Quick
415,Damnation
415,Decalogue
415,Judas
415,Sanballat
416,Sibboleth
416,Tiberias
417,Gaius
417,Jebus
418,David
420,Bdellium
420,Corinth
420,Tebeth
421,Aquila
421,Gethsemane
422,Baptism
422,Jasher; book of
422,Tithe
423,Hallelujah
423,Teraphim
424,Jeshua
424,Shibboleth
425,Candlestick
426,Judges
427,Midianites
428,Chinnereth
430,Inheritance
430,Reuel
430,Shalmaneser
431,Antipas
431,Saul
432,Burial
432,Kirjath-arba
433,Rehoboth
437,Salt Sea
438,Stephen
441,Firmament
441,Jerubbaal
442,Cummin
442,Scorpion
443,Confession
443,Lucifer
443,Sorcerer
444,Levi
444,Veil
447,Gibeonites
447,Scapegoat
448,Areopagite
448,Devil
448,Helve
450,Buckler
451,Earnest
451,Troas
452,Music
452,Reuben
454,Adoption
455,Chisleu
455,Council
455,Ramoth-gilead
457,Cherubim
457,Havilah
458,Hour
460,Roman Empire
461,Gourd
462,Javan
464,Admiration
464,Vine
466,Apostle
466,John; Gospel of
467,Negev
467,Sarepta
469,Chittim
469,Dove
469,Heaven
470,Palestine
471,Emmanuel
471,Iconium
471,Jehoshaphat
471,Patmos
472,Patriarch
472,Stoics
473,House
475,Immanuel
476,Samuel
478,Kittim
478,Spirit
479,Joshua
479,Meat offering
479,Mirrors
479,Repentance
481,Beth-shemesh
481,Caesarea Philippi
481,Dulcimer
482,Abomination
483,Beth-horon
483,Chinneroth
484,Carbuncle
484,Pound
484,Shinar; Plain of
485,Almond tree
486,Emmaus
489,Linus
489,Mark; Gospel of
491,Israel; Kingdom of
491,Leaven
492,Jehovah
493,Kirjath-jearim
494,Anointed One
494,Kings; books of
497,Dispersion
498,Tabret
499,Viol
500,Libertines
502,Ephraim; Gate of
503,Prophet
504,Darius
505,Abraham’s Bosom
505,Ammonites
505,Amorites
505,Pulse
506,Accursed
506,High priest
507,Suffer
508,Peculiar
508,Potiphar
509,Dew
509,Purim
509,Shallum
509,Stacte
510,Jairus
511,Cuth
512,Hem of garment
512,Thank offering
513,Nicolaitans
514,Cubit
515,Alphaeus
515,Jesus
515,Jew
515,Mephibosheth
515,Ptolemais
515,Tempt
516,Suffered
516,Tarshish
519,Epistles
519,Jannes and Jambres
520,Cuthah
521,Poti-pherah
522,Sadducees
524,Millstone
526,Laver
527,Nineveh
528,Husks
529,Murder
529,Parthians
529,Pathros
533,Dead Sea Scrolls
533,Redemption
536,Girgashites
537,Hellenists
538,Archelaus
538,Lo-ruhamah
543,Stranger
544,Teil tree
544,Whale
548,Machaerus
549,Damascus
549,Eliseus
550,Bethuel
551,Diotrephes
551,Topheth
554,Comforter
556,Bittern
556,Brimstone
559,Denarius
559,Matthias
560,Capernaum
560,Sivan
561,Ecclesiastes
561,Fullers
562,Grove
562,Revenge
562,Unicorn
564,Drusilla
565,Publicans
566,Shittim
567,Shushan
567,Thessalonica
570,Christians
571,Divorce
571,Nicodemus
572,Patriarchs
572,Regeneration
574,Priests
575,Talmud
578,Confirmation
579,Judah; Kingdom of
580,Convince
581,Jerusalem
583,Clean and unclean
583,Temple of Herod
584,Apharsites
586,Mesopotamia
587,Numbers
588,Ephesus
588,Tiberias; Sea of
590,Philistines
592,Samaritans
594,River
596,Apharsachites
596,Stater
597,Bottles
597,Goliath of Gath
597,Tetrarch
598,Ruth
599,Degrees; songs of
601,Bruit
607,Firstborn
608,Bar-jesus
610,Hebrew
611,Atonement
612,Communion
612,Stuff
614,Jehovah-jireh
616,Esther; book of
617,Tirshatha
619,Engraving
621,Ephraim; stick of
621,Stick of Ephraim
622,Lord of Sabaoth
623,Birthright
623,Thaddaeus
624,Keturah
626,Antipater
631,Bridegroom’s friend
631,Parousia
632,Education
632,Lost books
633,Epicureans
634,Areopagus
634,Judges; book of
635,Dalmanutha
637,Thummim
639,Judges; the
641,James; Epistle of
641,Measures
644,Fall of Adam and Eve
647,Cornelius
650,Andrew
650,Felix
651,Joseph; stick of
651,Stick of Joseph
652,Christs; false
653,Almsgiving
654,Wimple
655,Appii Forum
655,Evil-merodach
664,Gennesaret; Land of
664,Kislew
664,Onesimus
664,Swine
666,Eunuch
668,Ashtaroth
668,Siddim; Vale of
670,Antichrist
672,Christ; names of
672,Codex
672,Gennesareth; Land of
674,Advocate
674,Succoth
676,Circumcision
681,Knowledge
683,Song of Solomon
684,Jupiter
685,Judgment Hall
687,Joshua; book of
688,Coulter
688,Ebal; Mount
690,Jehovah-shammah
693,Luke; Gospel of
693,Pentecost
694,Uncleanness
697,Methuselah
701,Dove; sign of
704,Breastplate
704,Leviathan
707,General Epistles
711,Bitter herbs
711,Festus
712,Rainbow
713,John; Epistles of
715,Shewbread
718,Lord of Hosts
718,Vashti
721,Judah; stick of
721,Stick of Judah
724,Sepharvaim
725,Kingdom of heaven
730,Antipatris
730,Light of Christ
730,Trachonitis
731,Hittites
731,Hivites
731,Jehovah-shalom
731,Solomon’s Porch
732,Dehavites
732,Moabite Stone
735,Jerubbesheth
735,Mustard
737,Names of persons
740,Pseudepigrapha
741,Frontlets
741,Jacob’s Well
742,Libya
743,Shearing house
747,Claudius
748,Bartimaeus
749,Levites
751,Froward
753,Demetrius
758,Dispensations
760,Jehovah-nissi
760,Wanted
761,Mallows
764,Tiglath-pileser
765,Ephrath; Ephratah
765,New Moon
767,Centurion
769,Covenant
771,Winefat
773,Galley
779,Euphrates
779,Potter’s Field
780,Pontus
783,Annunciation
784,Samuel; books of
786,Alexander
786,Family
789,Pontius
790,Theophilus
791,Alexandria
791,Tarsus
792,Divination
792,Piece of silver
793,Locusts
795,Rye
796,Erastus
796,Year
801,Testament
804,Apharsathchites
804,Jude; Epistle of
804,Olive tree
805,Cities of refuge
805,Refuge; cities of
807,Evangelist
807,Purification
809,Gaza
809,Jordan River
809,Titus
810,Ahaz
815,Zif
816,Temple of Solomon
817,Watches
818,Coney
820,Aaronic Priesthood
820,Prevent
825,Turtle
826,Beatitudes
826,Lots; casting of
826,Passover
826,Zebedee
827,Beryl
827,Conversion
828,Ahaziah
828,Barley
828,Cleanness of teeth
829,Alleluia; hallelujah
831,Mary
835,Azekah
842,Pentateuch
845,Babylon
845,Hazael
847,Pinnacle of the temple
848,Ten Commandments
850,Jeremy
850,Mysia
850,Revelation
852,Zedekiah
853,Cyrene
854,Lycaonia
855,Money
856,Hezekiah
857,Jezebel
859,Cankerworm
859,Zin
860,Ahimaaz
860,Amaziah
863,Boaz
864,Chalcedony
864,Gopher wood
865,Genealogy
865,Praetorium
865,Restoration
865,Writing
867,Scripture
867,Ziklag
873,Ephraim; Mount
874,Ezekiel
875,Burnt offering
875,Penny
876,Elymas
880,El Elyon
883,Engines of war
885,Zadok
895,Old Testament
896,Ezra
898,Hymns
898,Sulphur
899,Trespass offering
900,Syria
902,Aristarchus
902,Law of Moses
902,Moses; law of
902,Sychar
903,Colony
905,Ahasuerus
907,Holy Place
910,Azariah
911,Hephzibah
913,Brethren of the Lord
913,Ephraim; Wood of
914,Architecture
916,Zeboim
917,Epaphroditus
918,Burning bush
918,Gozan
919,Lord’s Supper
919,Zion
921,Zachariah
922,Timotheus
923,John the Baptist
923,Zidon
925,Zeboiim
925,Zechariah
928,Mizpah
928,Myrrh
929,Melchizedek
929,Winepress
932,Eleazar
932,Mizpeh
932,Punishments
936,Dedication; Feast of the
937,Mercurius
940,Ezekias
942,Septuagint
943,Vulgate
944,Eliezer
945,Jezreel
952,Zephaniah
954,Lamentations; book of
954,Matthew
954,Rezin
955,Peter; Epistles of
956,Blasphemy
956,Prayer
958,Adoni-zedek
962,Ebenezer
963,Captain of the Temple
966,Bethany
972,Appius; market of
972,Weaving
974,Mary Magdalene
977,Ras Shamrah Tablets
978,Abraham; covenant of
982,Egypt
983,Levirate marriage
984,Pauline Epistles
988,Hyksos
989,Lord’s Day
989,Mizraim
990,Silvanus
994,Dromedary
995,Tyre
996,Bartholomew
999,Jachin and Boaz
999,Succoth-benoth
999,Sycamore
1001,Apollyon
1002,Nazarene
1002,Resurrection
1003,Apocrypha
1005,Embroidery
1008,Weeks; Feast of
1011,Charity
1013,Zacharias
1020,Romans; Epistle to
1021,Chorazin
1025,Proverbs; book of
1027,Ephesians; Epistle to
1028,Conversation
1029,Ezion-gaber
1031,Dayspring
1033,Ezion-geber
1035,Agriculture
1038,Hyssop
1040,Apocalypse
1044,John; Revelation of
1044,Revelation of John
1049,Antiochus Epiphanes
1050,Furniture
1053,Gerizim and Ebal
1055,Leprosy
1056,Leviticus
1058,Sycomore
1060,Vows
1061,Commandments; the Ten
1067,Abomination of desolation
1067,Exorcist
1068,Chronology
1071,Pastoral Epistles
1071,Scythian
1076,Holy of Holies
1078,Galatians; Epistle to
1081,Symbolism
1088,Mene mene tekel upharsin
1090,Pollux
1094,Lex talionis
1096,Daystar
1100,Uz
1105,Philippians; Epistle to
1108,Zipporah
1110,Firstfruits
1113,Tell el-Amarna Letters
1118,Sin; Wilderness of
1119,War in Heaven
1121,Martyr
1130,Luz
1131,Cutting the flesh
1131,Urim and Thummim
1136,Laying on of hands
1136,Occupy
1139,Crucifixion
1139,Wave offering
1144,Mercy Seat
1145,Hypocrite
1145,Sabbatical Year
1149,Acts of the Apostles
1151,Beelzebub
1155,Nazareth
1155,Syrophenician
1156,Nazarite
1157,Didymus
1159,Ark of the Covenant
1160,Coming of Jesus Christ
1169,Degrees of glory
1171,Paran; Wilderness of
1173,Holy Ghost
1182,Missing scripture
1183,Zarephath
1189,Incontinency
1192,Aristobulus
1192,Colossians; Epistle to
1193,Cyrus
1196,Psaltery
1198,Ministry
1200,Zelotes
1201,Ephraim; City of
1205,Chrysolite
1208,Sycamine tree
1209,Thyatira
1214,Holy One of Israel
1216,Adummim; the going up of
1217,Timothy
1221,Phylacteries
1221,Zacchaeus
1223,Jubilee; Year of
1223,Restitution
1225,Calvary
1230,Synagogue
1237,Zerubbabel
1240,Lord’s Prayer
1243,Schools of the Prophets
1250,Presently
1252,Retaliation; law of;
1257,Cyrenius
1263,Cyprus
1274,Zaphnath-paaneah
1276,Elah; Valley of
1276,Holy Spirit
1277,Exodus; book of
1279,Deputy
1282,Nergal-sharezer
1292,Matthew; Gospel of
1294,Turtle-dove
1294,Wise Men of the East
1302,Euroclydon
1308,Augustus
1309,Quaternion of soldiers
1314,Wormwood
1318,Sermon on the Mount
1320,Olives; Mount of
1322,Lazarus
1324,Soothsayer
1324,Syriack language
1325,Vulture
1326,Lawyer
1330,Adultery
1350,Glory of the Lord
1356,Daily service
1356,New Testament
1359,Corinthians; Epistles to
1360,Proselytes
1360,Vanity
1381,Tammuz
1382,Atonement; Day of
1382,Day of Atonement
1384,Ajalon; Valley of
1387,Hospitality
1389,Hebrews; Epistle to
1420,Olivet; Mount of
1430,Fiery serpents
1445,Glory of Jehovah
1449,Hinnom; Valley of
1459,By and by
1461,Azotus
1468,Brazen serpent
1468,Serpent; brazen
1472,Decision; Valley of
1480,Hill country
1487,Zebulun
1488,Titus; Epistle to
1489,Spirit; the Holy
1490,Usury
1493,Thessalonians; Epistles to
1513,Masoretic text
1514,Deuteronomy
1525,Weights and measures
1535,Melchizedek Priesthood
1563,Salt; Valley of
1591,Hezekiah’s Tunnel
1596,Thyine wood
1598,Calves; golden; worship of
1599,Castor and Pollux
1616,Eutychus
1642,Egypt; River of
1653,Temple of Zerubbabel
1692,Artaxerxes
1695,Beautiful Gate of the Temple
1703,Jehoshaphat; Valley of
1711,Joseph Smith Translation (JST)
1746,Synagogue; the Great
1834,Captivities of the Israelites
1835,Mystery
1837,Belshazzar
1889,Transfiguration; Mount of
1909,Uzzah
1911,Assyria and Babylonia
1918,Uzziah
1996,Timothy; Epistles to
2042,Belteshazzar
2070,Temple on Mount Gerizim
2088,Perizzites
2119,Nebuchadnezzar
2159,Nebuchadrezzar
2191,Authorized Version
2241,Wilderness of the Exodus
2334,Sabbath day’s journey
2482,Disfigurement of one’s own body
3992,Quotations from the Old Testament in the New Testament
