1, Amorites
1, Parousia
1, Pharisees
1, Pollux
1, Prevent
1, Shibboleth
1, Writing
2, Abel
2, Apollyon
2, Ashtaroth
2, Blasphemy
2, Candlestick
2, Hittites
2, Holiness
2, Leprosy
2, Measures
2, Melchizedek
2, Mirrors
2, Palestine
2, Peace offering
2, Ptolemais
2, Repentance
2, Sorcerer
2, Timothy
2, Zebulun
3, Ab
3, Accho
3, Ahab
3, Ahithophel
3, Anna
3, Ark
3, Asa
3, Asia
3, Azotus
3, Azotus
3, Balaam
3, Bar
3, Beard
3, Ben
3, Bible
3, Christians
3, Cyprus
3, Eber
3, Ecclesiastes
3, Epicureans
3, Epistle to Hebrews
3, Epistle to Romans
3, Epistle to Titus
3, Ezion-gaber
3, Fan
3, Fear
3, Gad
3, Habaiah
3, Halah
3, Hyssop
3, Jacob's Well
3, Jehoshabeath
3, Jehoshaphat
3, kingdom of God
3, Laban
3, Leviticus
3, Magi
3, Meal offering
3, Merodach-baladan
3, Olive tree
3, Rahab
3, Sabbath day's journey
3, Stranger
3, Tarshish
3, Thyatira
3, War in Heaven
3, Zelotes
4, Abner
4, Aceldama
4, Antichrist
4, Apocrypha
4, Arba
4, Areopagus
4, Babel
4, Bath
4, Benaiah
4, Beth-shemesh
4, Bilhah
4, Book of Judges
4, Cankerworm
4, Cedar
4, David
4, Dromedary
4, Elam
4, Erastus
4, Firstborn
4, Ham
4, Hierapolis
4, Idol
4, Jacob
4, Jona
4, Jude
4, Methuselah
4, Midianites
4, Moab
4, Mount Ebal
4, Nadab
4, Nicodemus
4, Nile
4, Nob
4, Obadiah
4, Og
4, Potiphar
4, Revelation
4, Sepharvaim
4, Solomon
4, Timotheus
4, Weights and measures
4, Zarephath
5, Abaddon
5, Abib
5, Abigail
5, Abihu
5, Abomination
5, Achaia
5, Admiration
5, Ahasuerus
5, Almsgiving
5, Antiochus Epiphanes
5, Antipater
5, Apocalypse
5, Arabia
5, Architecture
5, Baasha
5, Bat
5, Belial
5, Caleb
5, Chinnereth
5, Comforter
5, Corn
5, Crucifixion
5, Dagon
5, Dayspring
5, Dew
5, Edrei
5, Eloi
5, Elul
5, English Bible
5, Euphrates
5, Eutychus
5, Eve
5, Exorcist
5, Ezra
5, Fall of Adam and Eve
5, Flesh
5, Gadara
5, Gall
5, Gergesenes
5, Girgashites
5, Hallel
5, Hare
5, Herod
5, Heth
5, Hor
5, Jerusalem
5, Judea
5, Laodicea
5, Lees
5, Lex talionis
5, Libertines
5, Mamre
5, Media
5, Melchizedek Priesthood
5, Midian
5, Omega
5, Patriarchs
5, Paul
5, Pekah
5, Pentateuch
5, Philistines
5, Rabbah
5, Rabbi
5, Ramah
5, Ramoth-gilead
5, Rebekah
5, Regeneration
5, Rie
5, Salem
5, Sin offering
5, Sycomore
5, Tirshatha
5, Usury
5, Vine
5, Wave offering
5, Zaphnath-paaneah
5, Zif
6, Abba
6, Abiathar
6, Acts of the Apostles
6, Adar
6, Agabus
6, Amen
6, Aram
6, Ashdod
6, Asher
6, Athaliah
6, Barak
6, Bartholomew
6, Beth-horon
6, Cab
6, Charger
6, Chinneroth
6, Chronology
6, Codex
6, Coins
6, Crete
6, Cush
6, Cush
6, Cyrenius
6, Daily service
6, Deacon
6, Delilah
6, Demetrius
6, Dorcas
6, Dreams
6, Eliakim
6, Eloth
6, Embroidery
6, Epistles
6, Euroclydon
6, Evangelist
6, Fir
6, Fish
6, Furniture
6, Galatia
6, Galilee
6, Gamaliel
6, Gate
6, Gibeonites
6, Haggai
6, Hamath
6, Hananeel
6, Haran
6, Hellenists
6, Helps
6, Isaac
6, Jannes and Jambres
6, Jehovah-shammah
6, Jerubbesheth
6, Joel
6, Lachish
6, Lamech
6, Lamp
6, Mean
6, Michael
6, Mines
6, Mule
6, Naboth
6, Names of Christ
6, Omer
6, phylacteries
6, Phylacteries
6, Pisgah
6, Pontius
6, Pontus
6, Purification
6, Rain
6, Rome
6, Seir
6, Septuagint
6, Shekel
6, Silas
6, Synagogue
6, Tebeth
6, Tell el-Amarna Letters
6, Valley of Salt
7, Abinadab
7, Adultery
7, Agag
7, Ahinoam
7, Aloes
7, Altar
7, Amalek
7, Antioch
7, Appii Forum
7, Aquila
7, Azekah
7, Baal
7, Bar-jona
7, Beatitudes
7, Bethel
7, Bridegroom
7, Brimstone
7, Bruit
7, Camel
7, Canaan
7, Captivities of the Israelites
7, Carmel
7, Cassia
7, Casting of Lots
7, Cephas
7, Chaldea
7, Chloe
7, Chronicles
7, Church
7, Clean and unclean
7, Cuth
7, Cuthah
7, Cyrene
7, Dalmatia
7, Dancing
7, Devil
7, Disfigurement of one's own body
7, Ephraim
7, Epistle to Galatians
7, Epistle to Philippians
7, Epistles to Timothy
7, Ethanim
7, Evil-merodach
7, Ezion-geber
7, Feasts
7, Fig tree
7, Galeed
7, Gate of Ephraim
7, Giants
7, Gibeon
7, Gospel of John
7, Grace
7, Greece
7, Harp
7, Havilah
7, Hebrew
7, Helve
7, Hiel
7, Holy Spirit
7, Inheritance
7, Ithamar
7, Jehoram
7, Jochebed
7, Kirjath-jearim
7, Land of Gennesaret
7, Lehi
7, Lord of Hosts
7, Lord's Prayer
7, Maccabees
7, Magog
7, Manna
7, Mark
7, Martha
7, Meet
7, Micah
7, Month
7, Naomi
7, Onesimus
7, Parthians
7, Passover
7, Peniel
7, Philip
7, Plain of Shinar
7, Pound
7, Priests
7, Quick
7, Rabboni
7, Red Sea
7, Rephaim
7, Replenish
7, Reuel
7, Sabeans
7, Samaritans
7, Seth
7, Shalmaneser
7, Shechem
7, Ship
7, Sidon
7, Simon
7, Sinai
7, Sling
7, Staff
7, Sulphur
7, Swine
7, Temple of Herod
7, Terah
7, Theophilus
7, Tire
7, Turtle-dove
7, Valley of Ajalon
7, Valley of Elah
7, Zebedee
7, Zeboim
8, Abarim
8, Abed-nego
8, Abraham
8, Adonijah
8, Advocate
8, Almond tree
8, Amasa
8, Anointed One
8, Anon
8, Antipas
8, Apharsites
8, Arnon
8, Atonement
8, Babylon
8, Baptism
8, Baruch
8, Bear
8, Beelzebub
8, Belteshazzar
8, Beryl
8, Beth
8, Boaz
8, Book of Exodus
8, Book of Jasher
8, Books of Kings
8, Bul
8, Caesarea
8, Carriage
8, Chemosh
8, Chrysolite
8, Cleopas
8, Coming of Jesus Christ
8, Coney
8, Conversion
8, Corban
8, Cornelius
8, Deborah
8, Degrees of glory
8, Dog
8, Dothan
8, Ebenezer
8, El
8, Eli
8, Eliezer
8, Elishah
8, En-gedi
8, Enos
8, Epaphroditus
8, Faith
8, Galley
8, Gaza
8, Gihon
8, Goats
8, God
8, Hagar
8, Hasideans
8, Hazael
8, Hebron
8, Hem of garment
8, Hour
8, Idumea
8, Jehoiada
8, Jeremias
8, Joash
8, Jordan River
8, Josiah
8, Judah
8, Kidron
8, Korah
8, Land of Sinim
8, Leah
8, Legion
8, Lycaonia
8, Magdalene
8, Manasseh
8, Medicine
8, Mene mene tekel upharsin
8, Miracles
8, Moses
8, Mystery
8, Naaman
8, Nebuchadrezzar
8, Negev
8, Noph
8, Obed
8, Onan
8, Phinehas
8, Phoenicia
8, Pleiades
8, Poti-pherah
8, Presently
8, Psalms
8, Psaltery
8, Rameses
8, Restitution
8, Sabbath
8, Samaria
8, Samuel
8, Sarepta
8, Saul
8, Sheba
8, Sheep
8, Shiloh
8, Sign of Dove
8, Sisera
8, Talmud
8, Tamar
8, Temple
8, Thank offering
8, The Ten Commandments
8, Tiglath-pileser
8, Tithe
8, Torah
8, Year of Jubilee
9, Absalom
9, Achan
9, Aeneas
9, Agriculture
9, Ahaz
9, Ahaziah
9, Algum
9, Almug
9, Anak
9, Anathema
9, Annunciation
9, Apollos
9, Arameans
9, Ariel
9, Artaxerxes
9, Asaph
9, Asp
9, Barley
9, Barsabas
9, Bashan
9, Bethphage
9, Bitter herbs
9, Book of Lamentations
9, Buckler
9, Burial
9, Burning bush
9, Cain
9, Chalcedony
9, Chedorlaomer
9, Claudius
9, Cleanness of teeth
9, Clement
9, Communion
9, Conscience
9, Cor
9, Damascus
9, Daniel
9, Darius
9, Dinah
9, Dinaites
9, Divination
9, Ekron
9, El-elohe-Israel
9, Eldad and Medad
9, Elders
9, Elephant
9, Elijah
9, Elisabeth
9, Eliseus
9, Elisha
9, Emmaus
9, Enoch
9, Epistles to Corinthians
9, Esaias
9, Eunuch
9, Feast of Weeks
9, Festus
9, Gabriel
9, Games
9, Gath
9, Gehenna
9, Gentile
9, Gerizim and Ebal
9, Gideon
9, Glory of the Lord
9, Goad
9, Gopher wood
9, Gospel of Luke
9, Gozan
9, Hadad
9, Hallelujah
9, Hasmonean
9, Health
9, Hosanna
9, Jabesh
9, Jachin and Boaz
9, Jehoiakim
9, Jerubbaal
9, Jezreel
9, John Mark
9, Juda
9, Kohath
9, Lebanon
9, Lo-ammi
9, Market of Appius
9, Marriage
9, Matthew
9, Miriam
9, Money
9, Mount Ephraim
9, Naphtali
9, Nebo
9, Necho
9, Nehemiah
9, Nicolaitans
9, Obed-edom
9, Padan
9, Paraclete
9, Pastoral Epistles
9, Peleg
9, Pentecost
9, Perizzites
9, Piece of silver
9, Pilate
9, Pit
9, Pithom
9, Rezin
9, River
9, Sadducees
9, Saint
9, Salim
9, Samson
9, Selah
9, Shem
9, Shimei
9, Shushan
9, Silvanus
9, Stick of Ephraim
9, Stuff
9, Succoth-benoth
9, Syria
9, Tabernacle
9, Tares
9, Temple on Mount Gerizim
9, Teraphim
9, Testament
9, Thessalonica
9, Tiphsah
9, Valley of Hinnom
9, Weaving
9, Wilderness of the Exodus
9, Wormwood
10, Aaronic Priesthood
10, Abraham's Bosom
10, Adam
10, Ahijah
10, Ahimelech
10, Alleluia
10, Ammonites
10, Amram
10, Anoint
10, Antipatris
10, Ar
10, Aramaic
10, Aretas
10, Armageddon
10, Asahel
10, Azariah
10, Balm
10, Barabbas
10, Bartimaeus
10, Bel
10, Belshazzar
10, Beth-shean
10, Bethesda
10, Bethuel
10, Book of Daniel
10, Book of Job
10, Books of Samuel
10, Brazen serpent
10, Brazen Serpent
10, bridegroom's friend
10, By and by
10, Calvary
10, Cana of Galilee
10, Caul
10, Censer
10, Chebar
10, Chittim
10, Cilicia
10, Circumcision
10, Cloud
10, Cubit
10, Cummin
10, Damnation
10, Dan
10, Darkness
10, Decalogue
10, Denarius
10, Deputy
10, Dill
10, Dove
10, Earnest
10, Edom
10, Egypt
10, Elath
10, Elias
10, Elihu
10, Engines of war
10, Epistle to Ephesians
10, Epistles of Peter
10, Esau
10, Ezekiel
10, Genealogy
10, Gilboa
10, Hades
10, Hagiographa
10, Haman
10, Hannah
10, Hara
10, Heaven
10, Hell
10, Hermon
10, Hezekiah
10, Hospitality
10, Incontinency
10, Isles
10, Israel
10, Italics
10, Jael
10, Jehoiachin
10, Jehosheba
10, Jeshua
10, Joab
10, Joanna
10, Joseph
10, Joseph Smith Translation (JST)
10, Judas
10, Judgment Hall
10, Kittim
10, Law of Retaliation
10, Let
10, Light of Christ
10, Locusts
10, Lord of Sabaoth
10, Lord's Supper
10, Masoretic text
10, Matthias
10, Mercurius
10, Mercy Seat
10, Mesha
10, Mesopotamia
10, Michal
10, Ministry
10, Mizpah
10, Moriah
10, Myrrh
10, Nicolas
10, Nimrod
10, Omri
10, Organ
10, Paradise
10, Pella
10, Peter
10, Praetorium
10, Proselytes
10, Pulse
10, Rainbow
10, Rehoboth
10, Rephidim
10, Restoration
10, Rimmon
10, Rod
10, Roman Empire
10, Sanballat
10, Satan
10, Schools of the Prophets
10, Scorpion
10, Senate
10, Shaddai
10, Shemaiah
10, Shephelah
10, Soothsayer
10, Spirit
10, Stick of Judah
10, Symbolism
10, Syriack language
10, The going up of Adummim
10, Trachonitis
10, Troas
10, Uncleanness
10, Uzzah
10, Uzziah
10, Vanity
10, Zion
10, Zipporah
11, Accursed
11, Adrammelech
11, Ai and Hai
11, Alpha
11, Alphaeus
11, Ammon
11, Andrew
11, Apharsachites
11, Arabians
11, Aristarchus
11, Beersheba
11, Birthright
11, Breastplate
11, Bride
11, Brigandine
11, Burnt offering
11, Caesar
11, Canon
11, Capernaum
11, Centurion
11, Chariot
11, Confession
11, Confirmation
11, Conversation
11, Dead Sea Scrolls
11, Death
11, Demoniacs
11, Deuteronomy
11, Diana
11, Diaspora
11, Diotrephes
11, Dispensations
11, Dispersion
11, Education
11, Ehud
11, Election
11, Endor
11, Ephah
11, Ephphatha
11, Epistle of James
11, Epistles of John
11, Ethiopia
11, Farthing
11, Fasts
11, Felix
11, Felloes
11, Fire
11, Frankincense
11, Gallio
11, Gilead
11, Gog
11, Gold
11, Gourd
11, Hart
11, Hephzibah
11, High priest
11, Hivites
11, Horse
11, Hoshea
11, Hur
11, Hypocrite
11, Isaiah
11, Jabesh-gilead
11, Jehovah-jireh
11, Jehovah-shalom
11, Jesus
11, Jew
11, Jezebel
11, John
11, Jonathan
11, Joshua
11, Kenites
11, Knop
11, Law of Moses
11, Laying on of hands
11, Leper
11, Leviathan
11, Levirate marriage
11, Levites
11, Lost books
11, Lot
11, Lucifer
11, Macedonia
11, Malachi
11, Mary Magdalene
11, Meat offering
11, Mephibosheth
11, Meribah
11, Messiah
11, Milcom
11, Milcom
11, Millstone
11, Molech
11, Music
11, Nahor
11, Nain
11, No
11, Noah
11, Numbers
11, Occupy
11, On
11, Parables
11, Penny
11, Philemon
11, Prayer
11, Pseudepigrapha
11, Rachel
11, Redemption
11, Reins
11, Reuben
11, Sabbatical Year
11, Sacrifices
11, Salome
11, Sanhedrin
11, Sarah
11, Sargon
11, Scribe
11, Scrip
11, Sebat
11, Seer
11, Sibboleth
11, Sihon
11, Sivan
11, Sod
11, Solomon's Porch
11, Stater
11, Sycamine tree
11, Sychar
11, Tempt
11, Ten Commandments
11, Thaddaeus
11, Tiberias
11, Topheth
11, Uz
11, Vale of Siddim
11, Valley of Jehoshaphat
11, Vulture
11, Wilderness of Sin
11, Winepress
12, Abilene
12, Achish
12, Adoniram
12, Aholiab
12, Alexander
12, Amarna
12, Amos
12, Anise
12, Apharsathchites
12, Assyria and Babylonia
12, Augustus
12, Barbarian
12, Bathsheba
12, Beautiful Gate of the Temple
12, Benhadad
12, Bethany
12, Blood
12, Book of Joshua
12, Bottles
12, Charity
12, Colony
12, Commerce
12, Dead Sea
12, Decapolis
12, Dehavites
12, Elymas
12, Emmanuel
12, Ephesus
12, Ephod
12, Epiphanes
12, Epistle of Jude
12, Esdraelon
12, Esdras
12, Eunice
12, Family
12, Firstfruits
12, Frontlets
12, Fullers
12, Gaius
12, Gilgal
12, Goliath of Gath
12, Gospel of Mark
12, Gospels
12, Habakkuk
12, Habergeon
12, Herodians
12, Holy Ghost
12, Horeb
12, Hosea
12, Iconium
12, James
12, Jamnia
12, Javan
12, Jebus
12, Jonah
12, Joram
12, Judges
12, Kadesh
12, Keturah
12, Kine
12, Kingdom of Judah
12, Lamb of God
12, Lawyer
12, Levi
12, Linus
12, Mary
12, Meat
12, Megiddo
12, Missing scripture
12, Moabite Stone
12, Nahum
12, Nazarene
12, Nazareth
12, Nisan
12, Ophir
12, Patmos
12, Pauline Epistles
12, Prick
12, Prisca
12, Refiner
12, Resurrection
12, rock-badger
12, Roll
12, Rye
12, Sabaoth
12, Sarai
12, Scripture
12, Sea of Tiberias
12, Sharon
12, Shechinah
12, Shishak
12, Simeon
12, Sion
12, Sodom
12, Stick of Joseph
12, Suffer
12, Suffered
12, Syrophenician
12, Tabret
12, Tetrarch
12, Thyine wood
12, Ur
12, Veil
12, Zachariah
12, Zadok
12, Ziklag
13, Aaron
13, Abimelech
13, Adoni-zedek
13, Adoption
13, Aenon
13, Anakim
13, Angels
13, Annas
13, Arimathea
13, Aristobulus
13, Ashkelon
13, Athens
13, Authorized Version
13, Barnabas
13, Behemoth
13, Bethabara
13, Beulah
13, Book of Esther
13, Brethren of the Lord
13, Caesarea Philippi
13, Caiaphas
13, Calendar
13, Chorazin
13, Cities of Refuge
13, City of Ephraim
13, Convince
13, Coulter
13, Covenant
13, Divorce
13, Dulcimer
13, Embalming
13, Emerald
13, Ephrath
13, Epistle to Colossians
13, Ezekias
13, False Christs
13, Froward
13, Gerar
13, Glass
13, Golan
13, Golgotha
13, Great Sea
13, Grecians
13, Grove
13, Hemlock
13, Hill country
13, Hiram
13, Ishmael
13, Jehovah-nissi
13, Jephthah
13, Jeremy
13, Jesse
13, Jethro
13, Joppa
13, Jotham
13, Kishon
13, Kosher
13, Laver
13, Leasing
13, Libya
13, Lign-aloes
13, Lord
13, Luke
13, Machpelah
13, Mandrake
13, Mysia
13, Nathan
13, Nathanael
13, Nazarite
13, Nebuchadnezzar
13, Nergal-sharezer
13, Old Testament
13, Patriarch
13, Peculiar
13, Pharaoh
13, Pul
13, Quaternion of soldiers
13, Raamses
13, Revenge
13, River of Egypt
13, Ruth
13, Sermon on the Mount
13, Shewbread
13, Stoics
13, Tammuz
13, Teil tree
13, The Holy Spirit
13, Thomas
13, Unicorn
13, Viol
13, Wanted
13, Whale
13, Wood of Ephraim
13, Year
13, Zerubbabel
13, Zin
14, Abomination of desolation
14, Agrippa
14, Ahimaaz
14, Amaziah
14, Ananias
14, Ararat
14, Asenath
14, Askelon
14, Bar-jesus
14, Benjamin
14, Benoni
14, Beth-shan
14, Boanerges
14, Canaanite
14, Canticles
14, Cedron
14, Chamberlain
14, Chisleu
14, Christ
14, College
14, Compass
14, Council
14, Cyrus
14, Dalmanutha
14, Day of Atonement
14, Didymus
14, Disciple
14, Dragon
14, Easter
14, Eleazar
14, Emims
14, Ephratah
14, Essenes
14, General Epistles
14, Glory of Jehovah
14, Gomorrah
14, Goshen
14, Gospel of Matthew
14, Holy of Holies
14, Homer
14, Hough
14, House
14, Jambres
14, Japheth
14, Jason
14, Jericho
14, John the Baptist
14, Jonas
14, Joses
14, Kerioth
14, Kingdom of heaven
14, Kingdom of Israel
14, Leaven
14, Luz
14, Mallows
14, Maran-atha
14, Martyr
14, Mizpeh
14, Nineveh
14, Nisroch
14, Persia
14, Philippi
14, Potter's Field
14, Punishments
14, Purim
14, Ras Shamrah Tablets
14, Recorder
14, Rehoboam
14, Salt Sea
14, Shallum
14, Shearing house
14, Sheol
14, Son of God
14, Songs of Degrees
14, Stacte
14, Tyre
14, Valley of Decision
14, Worship of golden calves
14, Zacharias
14, Zidon
15, Amalekites
15, Animals
15, Bdellium
15, Bethlehem
15, Bethsaida
15, Bishop
15, Book of life
15, Cappadocia
15, Carchemish
15, Castor and Pollux
15, Corinth
15, Covenant of Abraham
15, Cutting the flesh
15, Drusilla
15, El-bethel
15, Genesis
15, Gier eagle
15, Husks
15, Incense
15, Issachar
15, Jairus
15, Jasper
15, Jehovah
15, Jeremiah
15, Knowledge
15, Land of Gennesareth
15, Mammon
15, Mount of Olives
15, Mustard
15, New Testament
15, Scapegoat
15, Siloam
15, Stephen
15, Temple of Solomon
15, Temple of Zerubbabel
15, Turtle
15, Urim and Thummim
15, Wimple
15, Winefat
15, Zacchaeus
15, Zedekiah
16, Apostle
16, Archelaus
16, Areopagite
16, Ark of the Covenant
16, Bittern
16, Carbuncle
16, Cherubim
16, Cleophas
16, Clothing
16, Cockatrice
16, Colosse
16, Daystar
16, El Elyon
16, Emerods
16, Engraving
16, Gethsemane
16, Gleanings
16, Herodias
16, Hezekiah's Tunnel
16, High places
16, Holy Place
16, Hyksos
16, Hymns
16, Immanuel
16, Jeroboam
16, Kislew
16, Lo-ruhamah
16, Mount of Olivet
16, Murder
16, Pathros
16, Publicans
16, Scroll
16, Sea of Galilee
16, Son of Man
16, Spikenard
16, Thummim
16, Vashti
16, Vows
16, Vulgate
16, Watches
16, Wise Men of the East
16, Zeboiim
16, Zechariah
16, Zephaniah
17, Alexandria
17, Blindness
17, Book of Proverbs
17, Camel's hair
17, Epistles to Thessalonians
17, Esarhaddon
17, Fiery serpents
17, Garden of Eden
17, Holy One of Israel
17, Kadesh-barnea
17, Lazarus
17, Lord's Day
17, Machaerus
17, Mizraim
17, Mount of Transfiguration
17, Names of persons
17, Prophet
17, Seed of Abraham
17, Sennacherib
17, Seraphim
17, Shipping
17, Shittim
17, Song of Solomon
17, Succoth
17, Tarsus
17, Titus
17, Trespass offering
18, Ascension
18, Captain of the Temple
18, Feast of the Dedication
18, Firmament
18, Jupiter
18, Kirjath-arba
18, New Moon
18, Priscilla
18, Revelation of John
18, Scythian
18, Sycamore
18, The Great Synagogue
18, The Judges
19, Pinnacle of the temple
19, Wilderness of Paran
23, Quotations from the Old Testament in the New Testament
