3, Ab
6, Abba, Cab
12, Ahab, Gad
14, Abib
16, Agag, Baal
17, El
18, Hadad
19, Adam, Ar, Bel, Dan
20, Abel
21, Asa, Bar, Ben, Fan
22, Arba, Babel, Ham, Nadab, Og
23, Achaia, Bat, Caleb
24, Adar
26, Bear, Dog, Eli, God, Leah, Obed
27, Achan, Anak, Cain, Goad
28, Balm, Hara, Jael, Joab
29, Diana, Gog, No, On
30, Accho, Anna, Ark, Asia, Balaam, Beard, Bible, Eber, Fear, Habaiah, Halah, Laban, Magi, Rahab
31, Bath, Cedar, Elam, Jacob, Moab, Nob
32, Arabia, Baasha, Dew, Eve, Gadara, Gall, Hare, Media, Rabbah, Rabbi, Rie
33, Amen, Aram, Barak, Fir, Gate, Haggai, Isaac, Mean
34, Abinadab, Camel, Canaan, Chaldea, Galeed, Grace, Hiel, Lehi, Micah
35, Amasa, Beth, Bul, Gaza, Hagar, Sheba
36, Ahaz, Asp, Cor, Dinah, Gath, Juda, Nebo, Padan
37, Ahijah, Caul, Chebar, Dill, Edom, Hades, Haman, Hell, Let, Rod
38, Alpha, Bride, Death, Ehud, Ephah, Fire, Gilead, Gold, Jew, Nain, Noah, Sod
39, Benhadad, Dead Sea, Kine, Meat, Ur
40, Abner, Aceldama, Benaiah, Bilhah, David, Idol, Jona, Jude, Nile, Obadiah
41, Abaddon, Abigail, Abihu, Belial, Dagon, Edrei, Eloi, Heth, Hor, Judea, Lees, Omega, Pekah, Ramah, Zif
42, Deacon, Fish, Haran, Joel, Lamech, Lamp, Rain
43, Amalek, Chloe, Greece, Harp, Magog, Manna, Mark, Meet
44, Abarim, Abraham, Anon, Boaz, En-gedi, Faith, Judah, Naaman, Onan
45, Aeneas, Ariel, Asaph, Bashan, Daniel, Elijah, Enoch, Games, Jabesh, Necho, Peleg, Pit, Selah, Shem
46, Amram, Aramaic, Asahel, Barabbas, Cilicia, Dove, Elath, Elias, Esau, Gilboa, Hannah, Mesha, Michal, Pella, Shaddai
47, Ai and Hai, Caesar, Canon, Hart, Hur, Isaiah, John, Lot, Malachi, Rachel, Sarah, Sebat, Seer, Uz
48, Abilene, Achish, Aholiab, Amarna, Amos, Anise, Blood, Ephod, Gilgal, Horeb, Hosea, James, Jamnia, Javan, Jonah, Kadesh, Levi, Rye, Sarai, Veil
49, Aaron, Aenon, Anakim, Annas, Beulah, Gerar, Golan, Hiram, Libya, Lord, Luke, Pul, Whale, Year, Zin
50, Corn, Elul, Ezra, Flesh, Hallel, Herod, Laodicea, Mamre, Midian, Paul, Rebekah, Salem, Vine
51, Agabus, Ashdod, Asher, Codex, Crete, Cush, Cush, Delilah, Galatia, Galilee, Hamath, Michael, Mule, Omer, Rome, Seir
52, Aloes, Altar, Azekah, Bethel, Carmel, Cassia, Cephas, Cuth, Dancing, Devil, Gibeon, Helve, Jochebed, Maccabees, Naomi, Red Sea, Seth, Ship, Sinai, Staff, Terah, Tire, Zebedee
53, Abed-nego, Baruch, Caesarea, Corban, Deborah, Enos, Gihon, Hazael, Idumea, Jehoiada, Joash, Korah, Negev, Noph, Sabbath, Saul, Sheep, Tamar
54, Ahaziah, Algum, Almug, Elisha, Esaias, Gabriel, Gehenna, Gideon, Health, Salim
55, Cloud, Cubit, Elihu, Heaven, Joanna, Judas, Omri, Organ, Satan
56, Ammon, Endor, Felix, Gallio, Hoshea, Knop, Leper, Meribah, Molech, Nahor, Scribe
57, Eunice, Gaius, Jebus, Joram, Mary, Megiddo, Nahum, Nisan, Prick, Roll, Sion, Zadok
58, Abimelech, Angels, Barnabas, Bethabara, Caiaphas, Calendar, Emerald, Glass, Jesse, Joppa, Laver, Nathan, Viol
59, Ahimaaz, Amaziah, Ananias, Ararat, Benoni, Cedron, College, Dragon, Emims, Homer, Hough, Jason, Jonas, Leaven, Luz, Sheol
60, Abiathar, Athaliah, Charger, Coins, Dorcas, Dreams, Eliakim, Eloth, Gamaliel, Hananeel, Helps, Lachish, Mines, Naboth, Pisgah, Shekel, Silas, Tebeth
61, Ahinoam, Aquila, Bar-jona, Church, Cuthah, Dalmatia, Havilah, Hebrew, Martha, Peniel, Quick, Rabboni, Reuel, Sabeans, Shechem, Sidon, Sling
62, Adonijah, Arnon, Beryl, Carriage, Coney, Dothan, Elishah, Galley, Goats, Hebron, Hour, Josiah, Legion, Magdalene, Medicine, Samaria, Tithe, Torah
63, Absalom, Anathema, Barley, Barsabas, Burial, Ekron, Elders, Gozan, Kohath, Lebanon, Lo-ammi, Miriam, Nehemiah, Obed-edom, Pilate, Saint, Shimei, Tares
64, Ahimelech, Aretas, Azariah, Bethesda, Censer, Isles, Israel, Jeshua, Moriah, Peter, Senate, Shemaiah, Zion
65, Andrew, Arabians, Beersheba, Fasts, Gourd, Horse, Jezebel, Macedonia, Milcom, Milcom, Music, Reins, Reuben, Salome, Scrip, Sihon, Sivan
66, Barbarian, Bathsheba, Esdras, Family, Habakkuk, Judges, Ophir, Prisca, Sabaoth, Sodom, Tabret, Ziklag
67, Athens, Grove, Hemlock, Ishmael, Jotham, Leasing, Machpelah, Mandrake, Mysia, Pharaoh, Ruth, Wanted
68, Agrippa, Asenath, Benjamin, Canaanite, Easter, Eleazar, Goshen, House, Jambres, Japheth, Jericho, Joses, Persia, Stacte, Tyre, Zidon
69, Animals, Bethsaida, Bishop, Cappadocia, El-bethel, Gier eagle, Incense, Jasper, Jehovah, Jeremiah, Mammon, Siloam, Zedekiah
70, Antioch, Bruit, Cyrene, Ephraim, Ethanim, Feasts, Fig tree, Giants, Ithamar, Jehoram, Month, Philip, Pound, Rephaim, Simon, Swine, Zeboim
71, Advocate, Babylon, Chemosh, Cleopas, Kidron, Moses, Pleiades, Samuel, Shiloh, Sisera, Talmud, Temple
72, Arameans, Bethphage, Buckler, Clement, Darius, Eldad and Medad, Emmaus, Eunuch, Gentile, Hosanna, Jerubbaal, Marriage, Money, Rezin, River, Stuff, Syria
73, Alleluia, Anoint, Bethuel, By and by, Cummin, Decalogue, Egypt, Ezekiel, Hermon, Hezekiah, Italics, Jehosheba, Joseph, Mizpah, Nicolas, Nimrod, Paradise, Pulse, Troas
74, Accursed, Chariot, Felloes, Jesus, Joshua, Lucifer, Messiah, Parables, Penny, Sargon, Sychar, Tempt
75, Adoniram, Bethany, Commerce, Elymas, Habergeon, Lamb of God, Linus, Refiner, Sharon, Shechinah, Shishak, Simeon, Suffer, Zachariah
76, Arimathea, Behemoth, Divorce, Embalming, Ephrath, Ezekias, Great Sea, Grecians, Jephthah, Jeremy, Jethro, Kishon, Kosher, Nathanael, Raamses, Revenge, Thomas
77, Askelon, Beth-shan, Chisleu, Christ, Council, Disciple, Ephratah, Maran-atha, Mizpeh, Nineveh, Purim, Rehoboam, Salt Sea
78, Bdellium, Bethlehem, Genesis, Husks, Issachar, Jairus, Wimple, Winefat
79, Carbuncle, Cherubim, Cleophas, Emerods, Herodias, Hymns, Jeroboam, Kislew, Murder, Scroll, Vashti, Vows, Watches, Zeboiim, Zechariah
80, Antipas, Baptism, Beelzebub, Ebenezer, Eliezer, Hasideans, Jeremias, Lycaonia, Manasseh, Miracles, Phinehas, Phoenicia, Psalms, Rameses, Sarepta
81, Damascus, Dinaites, Elephant, Elisabeth, Jehoiakim, Jezreel, Naphtali, Paraclete, Pithom, Sadducees, Samson, Tabernacle, Tiphsah, Weaving
82, Armageddon, Beth-shean, Calvary, Chittim, Earnest, Jehoiachin, Kittim, Myrrh, Rainbow, Rephidim, Rimmon, Sanballat, Shephelah, Uzzah
83, Adrammelech, Alphaeus, Brigandine, Demoniacs, Diaspora, Election, Ephphatha, Ethiopia, Farthing, Hephzibah, Jabesh-gilead, Jonathan, Kenites, Occupy, Prayer, Stater, Thaddaeus, Tiberias
84, Alexander, Charity, Colony, Decapolis, Emmanuel, Iconium, Keturah, Lawyer, Nazarene, Patmos, rock-badger, Suffered
85, Ashkelon, Convince, Dulcimer, Froward, Golgotha, Peculiar, Shewbread, Stoics
86, Boanerges, Canticles, Chamberlain, Compass, Cyrus, Essenes, Kerioth, Nisroch, Recorder, Shallum, Zacharias
87, Carchemish, Corinth, Scapegoat, Stephen, Zacchaeus
88, Apostle, Archelaus, Bittern, Clothing, Cockatrice, Colosse, Daystar, El Elyon, Gleanings, High places, Immanuel, Vulgate, Zephaniah
89, Alexandria, Camel's hair, Esarhaddon, Kadesh-barnea, Machaerus, Mizraim, Seraphim, Succoth, Titus
90, Apollos, Chalcedony, Claudius, Conscience, Eliseus, Festus, Hallelujah, Hasmonean, John Mark, Matthew, Shushan, Teraphim
91, Cana of Galilee, Damnation, Darkness, Denarius, Deputy, Genealogy, Hagiographa, Book of Job, Matthias, Rehoboth, Spirit, Uzziah, Vanity
92, Capernaum, Education, Hivites, Leviathan, Levites, Numbers, Philemon, Sacrifices, Sanhedrin, Sibboleth, Topheth
93, Bottles, Dehavites, Ephesus, Epiphanes, Esdraelon, Fullers, Gospels, Herodians, Nazareth, Tetrarch
94, Adoni-zedek, Adoption, Chorazin, Coulter, Covenant, Lign-aloes, Nazarite, Patriarch, Tammuz, Teil tree, Unicorn, Zerubbabel
95, Bar-jesus, Dalmanutha, Didymus, Gomorrah, Mallows, Martyr, Philippi, Son of God
96, Amalekites, Book of life, Drusilla, Knowledge, Mustard, Turtle
97, Areopagite, Engraving, Sea of Galilee, Gethsemane, Holy Place, Hyksos, Lo-ruhamah, Pathros, Publicans, Son of Man, Spikenard, Thummim
98, Blindness, Garden of Eden, Lazarus, Lord's Day, Prophet, Seed of Abraham, Sennacherib, Shipping, Shittim, Tarsus
99, Ascension, Firmament, The Judges, Jupiter, Kirjath-arba, New Moon, Priscilla, Scythian, Sycamore
100, Amorites, Parousia, Pharisees, Pollux, Prevent, Shibboleth, Writing
101, Blasphemy, Candlestick, Holiness, Measures, Melchizedek, Palestine, Repentance, Sorcerer, Zebulun
102, Ahithophel, Azotus, Azotus, Cyprus, Ezion-gaber, Hyssop, Jacob's Well, Jehoshabeath, Merodach-baladan, Stranger, Tarshish, Thyatira, Zelotes
103, Apocrypha, Areopagus, Dromedary, Mount Ebal, Erastus, Midianites, Nicodemus, Potiphar, Solomon, Zarephath
104, Admiration, Antipater, English Bible, Chinnereth, Gergesenes, Jerusalem, Tirshatha, Usury
105, Beth-horon, Epistles, Gibeonites, Pontus
106, Adultery, Beatitudes, Bridegroom, Chronicles, Ezion-geber, Inheritance, Parthians, Priests, Replenish
107, Almond tree, Atonement
108, Jachin and Boaz
109, Ammonites, Bartimaeus, Book of Daniel, Locusts, Mercy Seat, Scorpion, Zipporah
110, Apollyon, Ashtaroth, Hittites, Leprosy, Mirrors, Peace offering, Ptolemais, Timothy
111, Epicureans, Jehoshaphat, Meal offering, Olive tree
112, Beth-shemesh, Hierapolis, Methuselah, Sepharvaim
113, Abomination, Ahasuerus, Almsgiving, Apocalypse, Comforter, Dayspring, Euphrates, Exorcist, Libertines, Patriarchs, Pentateuch, Ramoth-gilead, Sycomore
114, Chinneroth, Cyrenius, Demetrius, Embroidery, Evangelist, Pontius, Synagogue
115, Brimstone, Evil-merodach, Onesimus, Passover, Samaritans, Shalmaneser, Sulphur
116, Anointed One, Apharsites, Cornelius, Sign of Dove, Poti-pherah, Psaltery, Land of Sinim
117, Chedorlaomer, Communion, Divination, Nicolaitans, Pentecost, Silvanus, Testament
118, Belshazzar
119, Birthright, Breastplate, Centurion, Confession, Diotrephes, Frankincense, High priest, Hypocrite, Jehovah-jireh, Mary Magdalene, Meat offering, Millstone, Redemption, Sabbatical Year, Vale of Siddim, Vulture
120, Christians, Ecclesiastes, kingdom of God, Leviticus, War in Heaven
121, Antichrist, Cankerworm, Firstborn, Revelation
122, Eutychus, Fall of Adam and Eve, Girgashites, Sin offering
123, Hellenists, Jerubbesheth
124, Appii Forum, Clean and unclean, Valley of Elah, Gate of Ephraim
125, Hem of garment, Book of Jasher, Mystery
126, Bitter herbs, El-elohe-Israel, Gerizim and Ebal, Gopher wood, Thessalonica, Wormwood
127, Abraham's Bosom, Antipatris, Judgment Hall, Mercurius, Mesopotamia, Ministry, Roman Empire, Stick of Judah, Symbolism, Uncleanness
128, Apharsachites, Dispersion, Law of Moses, Lost books, Mephibosheth, Winepress
129, Augustus, Frontlets, Goliath of Gath, Holy Ghost, Scripture, Sea of Tiberias
130, Book of Judges, Timotheus
131, Architecture, Crucifixion, Regeneration, Wave offering
132, Bartholomew, Chronology, Daily service, Euroclydon, Furniture, Jehovah-shammah, Septuagint
133, Kirjath-jearim, Theophilus
134, Chrysolite, Conversion, Jordan River, Year of Jubilee, Presently, Thank offering
135, Agriculture, Annunciation, Artaxerxes, Burning bush, Feast of Weeks
136, Circumcision, Engines of war, Lord of Sabaoth, Praetorium, Trachonitis
137, Aristarchus, Confirmation, Dead Sea Scrolls, Jehovah-shalom, Sycamine tree
138, Book of Joshua, Kingdom of Judah, Gospel of Mark, Moabite Stone, Thyine wood
139, False Christs, Book of Esther, Jehovah-nissi
140, Lex talionis, Philistines, Zaphnath-paaneah
141, phylacteries, Phylacteries, Purification
142, Gospel of John, Plain of Shinar, Temple of Herod, Turtle-dove
143, Belteshazzar, Books of Kings
144, Gospel of Luke, Piece of silver
145, Incontinency, Soothsayer
146, Pseudepigrapha
147, Epistle of Jude
148, Caesarea Philippi, Cities of refuge, City of Ephraim, Wood of Ephraim, Nebuchadnezzar, Old Testament, Cities of Refuge
149, Holy of Holies, Kingdom of heaven, Potter's Field, Shearing house
150, Names of Christ, Jannes and Jambres, Valley of Salt
151, Valley of Ajalon, Holy Spirit, Lord of Hosts, Lord's Prayer
152, Epaphroditus, Book of Exodus, Nebuchadrezzar
153, Mount Ephraim, Perizzites, Stick of Ephraim, Succoth-benoth
154, Hospitality, Light of Christ, Proselytes, Restoration, Books of Samuel, Syriack language
155, Burnt offering, Conversation, Deuteronomy, Epistle of James
156, Apharsathchites, Stick of Joseph, Syrophenician
157, Aristobulus, Hill country, Nergal-sharezer
158, Day of Atonement, Songs of Degrees, Kingdom of Israel, Punishments
159, Covenant of Abraham, New Testament
160, Land of Gennesaret, Casting of Lots
161, Degrees of glory, Tiglath-pileser
163, Brazen serpent, Lord's Supper, Brazen Serpent
164, Dispensations, Laying on of hands, Levirate marriage
165, Firstfruits, Resurrection
166, River of Egypt
167, General Epistles, Glory of Jehovah, John the Baptist
168, Land of Gennesareth
170, Restitution
171, Market of Appius, Cleanness of teeth, Valley of Hinnom
172, Masoretic text
173, Epistles of John, Ten Commandments
176, Valley of Decision
177, Cutting the flesh, Urim and Thummim
178, Ark of the Covenant, Hezekiah's Tunnel
179, Fiery serpents, Holy One of Israel, Names of persons, Book of Proverbs, Song of Solomon
180, Glory of the Lord
181, Bridegroom's friend, Law of Retaliation
182, Solomon's Porch
183, Pauline Epistles
184, The Holy Spirit
185, Gospel of Matthew, Ras Shamrah Tablets
186, Mount of Olives, Temple of Zerubbabel
187, Mount of Olivet, Wise Men of the East
189, Captain of the Temple, Feast of the Dedication, Revelation of John
190, Aaronic Priesthood, Epistles of Peter
191, Wilderness of Sin
192, Assyria and Babylonia
193, Brethren of the Lord
195, Castor and Pollux, Temple of Solomon
197, Trespass offering
198, The Great Synagogue
199, Wilderness of Paran, Pinnacle of the temple
201, Epistle to Hebrews, Epistle to Romans
203, Antiochus Epiphanes
204, Acts of the Apostles
205, Epistle to Galatians
206, The Ten Commandments
207, Book of Lamentations, Pastoral Epistles
209, Valley of Jehoshaphat
210, Sabbath day's journey, Epistle to Titus
211, Weights and measures
213, Tell el-Amarna Letters
217, The going up of Adummim, Epistle to Ephesians
219, Missing scripture
229, Authorized Version, Sermon on the Mount
230, Melchizedek Priesthood
233, Coming of Jesus Christ, Mene mene tekel upharsin
247, Epistle to Colossians
248, Abomination of desolation, Worship of golden calves
250, Epistle to Philippians, Epistles to Timothy
255, Beautiful Gate of the Temple
256, Quaternion of soldiers
262, Schools of the Prophets
270, Epistles to Corinthians, Temple on Mount Gerizim, Wilderness of the Exodus
296, Epistles to Thessalonians, Mount of Transfiguration
304, Captivities of the Israelites
322, Disfigurement of one's own body
334, Joseph Smith Translation (JST)
599, Quotations from the Old Testament in the New Testament
